{"experiment": [0, 1, 2, 3, 4], "train_loss": [0.008319862186908722, 0.00040777030517347157, 0.00040777030517347157, 0.00040777030517347157, 0.00040777030517347157], "test_loss": [2.835251808166504, 3.8190526962280273, 3.8190526962280273, 3.8190526962280273, 3.8190526962280273], "train_acc": [1.0, 1.0, 1.0, 1.0, 1.0], "test_acc": [0.4313333332538605, 0.42933332920074463, 0.42933332920074463, 0.42933332920074463, 0.42933332920074463]}