{"experiment": [0, 1, 2, 3, 4], "train_loss": [0.28846198320388794, 0.2840579152107239, 0.3130266070365906, 0.2441578060388565, 0.2840579152107239], "test_loss": [1.331477403640747, 1.5880237817764282, 1.5158075094223022, 1.4852275848388672, 1.5880237817764282], "train_acc": [0.9743333458900452, 0.9701666831970215, 0.9681666493415833, 0.981333315372467, 0.9701666831970215], "test_acc": [0.6100000143051147, 0.503333330154419, 0.531333327293396, 0.5519999861717224, 0.503333330154419]}